{
 "frags": [
  {
   "pos": {
    "x": 0,
    "y": 25
   },
   "angle": 5
  },
  {
   "pos": {
    "x": -2.17889356869145,
    "y": 49.9048674522936
   },
   "angle": 10
  },
  {
   "pos": {
    "x": -6.52009801036471,
    "y": 74.5250612775988
   },
   "angle": 15
  },
  {
   "pos": {
    "x": -12.9905741379277,
    "y": 98.6732069348255
   },
   "angle": 20
  }
 ]
}